Domain,Status,Attractiveness,Demand,Length,Sectors,Created,Expires,Registrar
brief.bio,resell,124,19%,5,"Business,Education,General,Law",30/04/2024 05:28,30/04/2026 05:28,"Sav.com, LLC"
second.bio,resell,120,23%,6,"General,Mathematics",18/02/2025 17:10,18/02/2026 17:10,"Sav.com, LLC"
tenth.bio,available,116,7%,5,Mathematics,,,
equal.bio,resell,116,19%,5,"Education,General,Law",13/06/2025 13:09,13/06/2026 13:09,Dynadot Inc
zero.bio,expired,112,49%,4,Mathematics,20/06/2024 17:00,20/06/2025 17:00,"Sav.com, LLC - 25"
hotshot.bio,available,112,14%,7,"Business,Entertainment,Sports",,,
above.bio,resell,112,22%,5,Business,17/10/2024 17:00,17/10/2025 17:00,"Xiamen ChinaSource Internet Service Co., Ltd"
abiding.bio,available,106,5%,7,"General,Religion",,,
teen.bio,resell,104,14%,4,"Education,Entertainment,Healthcare",23/01/2025 17:31,23/01/2026 17:31,"Sav.com, LLC"
absent.bio,available,102,8%,6,"Business,Education,Technology",,,
extra.bio,expiring,102,26%,5,"Fashion,Retail,Technology",25/08/2014 14:16,25/08/2025 14:16,"eNom, LLC"
eight.bio,resell,102,23%,5,"General,Mathematics",26/04/2025 00:50,26/04/2026 00:50,"Spaceship, Inc."
crack.bio,resell,100,20%,5,Sports,05/02/2025 17:07,05/02/2026 17:07,"Sav.com, LLC"
abrupt.bio,available,100,3%,6,"Medicine,Science",,,
remove.bio,available,100,13%,6,"Construction,Manufacturing,Technology",,,
whiz.bio,available,100,12%,4,"Business,Education,Technology",,,
ninth.bio,available,100,9%,5,Mathematics,,,
adjunct.bio,available,100,5%,7,Education,,,
sixth.bio,available,100,8%,5,Mathematics,,,
whizz.bio,available,98,11%,5,"Business,Education,Technology",,,
genius.bio,resell,98,46%,6,"Arts,Education,Technology",20/01/2024 18:05,20/01/2026 18:05,Dynadot Inc
doable.bio,available,96,9%,6,"Business,Education,Technology",,,
alamode.bio,available,96,12%,9,Fashion,,,
forgiving.bio,available,96,3%,9,"Healthcare,Religion",,,
actual.bio,available,96,22%,6,"Real Estate,Retail,Technology",,,
virtuoso.bio,available,94,16%,8,"Arts,Entertainment",,,
about.bio,available,94,28%,5,"Business,General,Media,Technology",,,
adequate.bio,available,94,9%,8,"Education,Healthcare,Technology",,,
around.bio,resell,94,22%,6,"Business,General,Media,Technology",15/02/2025 17:17,15/02/2026 17:17,"Sav.com, LLC"
abject.bio,available,94,7%,6,Humanities,,,
adjective.bio,available,92,5%,9,Education,,,
exemplary.bio,available,92,5%,9,"Business,Education,Healthcare",,,
twentieth.bio,available,92,3%,9,Mathematics,,,
abroad.bio,available,92,12%,6,"Hospitality,Travel",,,
nought.bio,available,92,4%,6,Mathematics,,,
derelict.bio,available,92,7%,8,"Construction,Real Estate",,,
riveting.bio,available,90,6%,8,"Entertainment,Media,Technology",,,
abortive.bio,available,90,1%,8,"Medicine,Science",,,
adoring.bio,available,90,2%,7,"Entertainment,Fashion,Retail",,,
gripping.bio,available,90,3%,8,"Entertainment,Media,Technology",,,
additional.bio,available,90,8%,10,"Fashion,Retail,Technology",,,
addictive.bio,available,90,9%,9,Healthcare,,,
endearing.bio,available,90,1%,9,"Entertainment,Fashion,Retail",,,
actionable.bio,available,88,13%,10,"Business,Law",,,
fifteen.bio,available,88,13%,7,Mathematics,,,
three.bio,resell,88,23%,5,Mathematics,30/12/2024 20:27,30/12/2025 20:27,Dynadot Inc
hundred.bio,available,88,13%,7,Mathematics,,,
adlib.bio,available,88,7%,6,Entertainment,,,
proficient.bio,available,88,8%,10,"Education,Health and Fitness,Sports",,,
engrossing.bio,available,86,0%,10,"Entertainment,Media,Technology",,,
adolescent.bio,available,86,3%,10,"Education,Entertainment,Healthcare",,,
xiv.bio,available,86,12%,3,Mathematics,,,
attendant.bio,available,86,5%,9,"Healthcare,Hospitality,Transportation",,,
recondite.bio,available,86,4%,9,"Arts,Humanities,Science",,,
extempore.bio,available,86,3%,9,Entertainment,,,
twentytwo.bio,available,84,10%,10,Mathematics,,,
seventeen.bio,available,84,7%,9,Mathematics,,,
deviate.bio,available,84,12%,7,"Medicine,Science",,,
adjustable.bio,available,84,3%,10,"Manufacturing,Retail,Technology",,,
twentyone.bio,available,84,13%,10,Mathematics,,,
grand.bio,available,84,25%,5,"Finance,General",,,
fourteen.bio,available,84,8%,8,Mathematics,,,
thirteen.bio,available,84,10%,8,Mathematics,,,
accessory.bio,available,84,8%,9,"Fashion,Retail,Technology",,,
acting.bio,available,84,12%,6,Entertainment,,,
thousand.bio,available,84,8%,8,Mathematics,,,
nineteen.bio,available,84,8%,8,Mathematics,,,
impromptu.bio,available,82,16%,9,Entertainment,,,
absorbent.bio,available,82,3%,9,"Healthcare,Manufacturing,Retail",,,
enduring.bio,available,82,9%,8,"Health and Fitness,Religion",,,
abkhaz.bio,available,82,1%,6,Geography,,,
abenaki.bio,available,82,2%,7,Geography,,,
abdominal.bio,available,82,1%,9,"Health and Fitness,Medicine",,,
cleansing.bio,available,82,3%,9,Health and Fitness,,,
dozen.bio,available,82,10%,5,Mathematics,,,
good.bio,resell,82,47%,4,"Food and Beverage,General,Health and Fitness,Retail",30/01/2020 10:09,30/01/2026 10:09,Dynadot Inc
abroach.bio,available,82,1%,7,Food and Beverage,,,
fivesome.bio,available,82,1%,8,Sports,,,
worshipful.bio,available,80,1%,10,"Education,Healthcare,Religion",,,
seventh.bio,available,80,10%,7,Mathematics,,,
sequent.bio,available,80,7%,7,"Healthcare,Insurance,Transportation",,,
absorbable.bio,available,80,0%,10,"Healthcare,Pharmaceuticals,Science",,,
two.bio,expiring,80,23%,3,Mathematics,17/09/2021 23:27,17/09/2025 23:27,Porkbun LLC
absurd.bio,available,80,16%,6,"Arts,Entertainment,Media",,,
some.bio,expired,80,32%,4,"Business,Media,Retail",18/06/2021 02:05,18/06/2025 02:05,Squarespace Domains II LLC
forty.bio,available,80,9%,5,Mathematics,,,
adoptable.bio,available,80,3%,9,"Education,Healthcare",,,
yard.bio,resell,80,25%,4,"Construction,General",04/02/2025 17:00,04/02/2026 17:00,Dynadot Inc
abundant.bio,available,80,19%,8,"Agriculture,Manufacturing,Retail",,,
dorsal.bio,available,80,6%,6,"Medicine,Science",,,
accepted.bio,available,78,6%,8,"Business,Education,Technology",,,
acceptable.bio,available,78,5%,10,"Business,Hospitality,Retail",,,
accidental.bio,available,78,11%,10,"Healthcare,Insurance,Transportation",,,
adorable.bio,available,78,8%,8,"Entertainment,Fashion,Retail",,,
acceptant.bio,available,78,1%,9,"Education,Healthcare",,,
abounding.bio,available,78,2%,9,Agriculture,,,
absorptive.bio,available,78,1%,10,"Healthcare,Manufacturing,Retail",,,
abkhasian.bio,available,78,1%,9,Geography,,,
dormant.bio,available,78,4%,7,"Medicine,Science",,,
sixtynine.bio,available,78,8%,10,Mathematics,,,
recognized.bio,available,78,3%,10,"Business,Education,Technology",,,
honestly.bio,available,78,9%,8,"Business,Law",,,
accessible.bio,available,78,21%,10,"Healthcare,Retail,Technology",,,
adrenal.bio,available,78,4%,7,"Education,Healthcare,Science",,,
abkhazian.bio,available,78,1%,9,Geography,,,
adjacent.bio,available,78,9%,8,"Construction,Real Estate,Retail",,,
twentysix.bio,available,78,8%,10,Mathematics,,,
recognised.bio,available,78,3%,10,"Business,Education,Technology",,,
adipose.bio,available,76,2%,7,"Healthcare,Science",,,
resultant.bio,available,76,2%,9,"Healthcare,Insurance,Transportation",,,
fifteenth.bio,available,76,2%,9,Mathematics,,,
energizing.bio,available,76,3%,10,"Food and Beverage,Health and Fitness,Travel",,,
auxiliary.bio,available,76,7%,9,"Healthcare,Manufacturing,Technology",,,
nineteenth.bio,available,76,3%,10,Mathematics,,,
eighteen.bio,available,76,7%,8,Mathematics,,,
thirteenth.bio,available,76,3%,10,Mathematics,,,
adaptable.bio,available,76,9%,9,"Business,Education,Technology",,,
firstrate.bio,available,76,6%,10,Business,,,
abrasive.bio,available,76,6%,8,"Construction,Manufacturing",,,
adherent.bio,available,76,4%,8,"Politics,Religion",,,
ventral.bio,available,76,3%,7,Science,,,
incidental.bio,available,76,4%,10,"Healthcare,Insurance,Transportation",,,
obscene.bio,available,76,5%,7,"Entertainment,Media",,,
diamond.bio,resell,76,32%,7,Fashion,10/08/2024 17:05,10/08/2026 17:05,"Sav.com, LLC"
acoustic.bio,resell,76,14%,8,Science,18/08/2020 22:16,18/08/2026 22:16,"NameCheap, Inc."
addable.bio,available,76,2%,7,"Engineering,Mathematics,Science",,,
ancillary.bio,available,76,6%,9,"Healthcare,Manufacturing,Technology",,,
threed.bio,available,76,7%,7,Technology,,,
improvise.bio,available,76,4%,9,Entertainment,,,
fourteenth.bio,available,76,2%,10,Mathematics,,,
thousandth.bio,available,76,1%,10,Mathematics,,,
hundredth.bio,available,76,1%,9,Mathematics,,,
ague.bio,available,76,2%,4,"Geography,Medicine,Science",,,
adhesive.bio,available,76,7%,8,"Construction,Manufacturing,Technology",,,
adenoid.bio,available,74,1%,7,"Health and Fitness,Medicine,Science",,,
achievable.bio,available,74,4%,10,"Business,Education,Technology",,,
manageable.bio,available,74,4%,10,"Business,Education,Technology",,,
broad.bio,resell,74,13%,5,"Entertainment,General,Media",07/02/2025 17:28,07/02/2026 17:28,"Sav.com, LLC"
admirable.bio,available,74,5%,9,"Business,Education,Healthcare",,,
acuate.bio,available,74,2%,6,"Engineering,Medicine,Science",,,
skilful.bio,available,74,3%,7,"Education,Health and Fitness,Sports",,,
aberrant.bio,available,74,6%,8,"Medicine,Science",,,
supra.bio,resell,74,25%,5,"Medicine,Science",08/06/2025 15:15,08/06/2026 15:15,"Sav.com, LLC - 8"
abnormal.bio,available,74,16%,8,"Medicine,Science",,,
adrenergic.bio,available,74,1%,10,"Education,Healthcare,Science",,,
mavin.bio,available,74,7%,5,"Entertainment,Fashion,Technology",,,
cleared.bio,available,74,7%,7,"Healthcare,Law,Transportation",,,
accepting.bio,available,74,3%,9,"Education,Healthcare",,,
playing.bio,available,74,12%,7,Entertainment,,,
realizable.bio,available,74,1%,10,"Business,Education,Technology",,,
adiabatic.bio,available,72,3%,9,"Engineering,Science",,,
ternary.bio,available,72,7%,7,Mathematics,,,
improvize.bio,available,72,1%,9,Entertainment,,,
accusative.bio,available,72,0%,10,"Humanities,Law",,,
adjectival.bio,available,72,1%,10,Education,,,
sixtieth.bio,available,72,1%,8,Mathematics,,,
absorbed.bio,available,72,2%,8,"Entertainment,Media,Technology",,,
ninetieth.bio,available,72,1%,9,Mathematics,,,
seventieth.bio,available,72,1%,10,Mathematics,,,
abreast.bio,available,72,2%,7,"Business,Technology",,,
adaptative.bio,available,72,1%,10,"Business,Education,Technology",,,
abloom.bio,available,72,5%,6,Agriculture,,,
existent.bio,available,72,3%,8,"Mathematics,Science",,,
eightieth.bio,available,72,1%,9,Mathematics,,,
ablaze.bio,available,72,6%,6,Entertainment,,,
engrossed.bio,available,72,1%,9,"Entertainment,Media,Technology",,,
addicted.bio,available,72,9%,8,Healthcare,,,
aching.bio,available,72,4%,6,Healthcare,,,
adjunctive.bio,available,72,1%,10,"Healthcare,Manufacturing,Technology",,,
adonic.bio,available,72,2%,6,"Arts,Education,Entertainment",,,
absolutist.bio,available,72,1%,10,"Humanities,Law,Politics",,,
accustomed.bio,available,72,1%,10,"Business,Education,Humanities",,,
practiced.bio,available,70,3%,9,"Education,Health and Fitness,Sports",,,
admired.bio,available,70,5%,7,"Business,Education,Healthcare",,,
absorbing.bio,available,70,3%,9,"Entertainment,Media,Technology",,,
stillborn.bio,available,70,2%,9,"Medicine,Science",,,
adamantine.bio,available,70,4%,10,Religion,,,
abulic.bio,available,70,1%,6,Medicine,,,
adjusted.bio,available,70,5%,8,"Manufacturing,Retail,Technology",,,
consequent.bio,available,70,3%,10,"Business,Education,General,Technology",,,
abradant.bio,available,70,1%,8,"Construction,Manufacturing",,,
accumbent.bio,available,70,1%,9,"Healthcare,Medicine,Science",,,
lowdown.bio,available,70,6%,8,"Entertainment,Media",,,
miserable.bio,available,70,4%,9,Humanities,,,
gymnastic.bio,available,70,3%,9,"Entertainment,Sports",,,
acuminate.bio,available,70,1%,9,"Engineering,Medicine,Science",,,
skillful.bio,available,70,9%,8,"Education,Health and Fitness,Sports",,,
offhand.bio,available,70,2%,7,Entertainment,,,
recumbent.bio,available,70,2%,9,"Healthcare,Medicine,Science",,,
disciple.bio,available,68,14%,8,"Education,Religion",,,
threesome.bio,available,68,5%,9,Entertainment,,,
scurvy.bio,available,68,3%,6,Humanities,,,
aroused.bio,available,68,3%,7,"Entertainment,Health and Fitness",,,
thirtieth.bio,available,68,1%,9,Mathematics,,,
overseas.bio,available,68,12%,8,"Hospitality,Travel",,,
decorated.bio,available,68,3%,9,"Entertainment,Fashion,Retail",,,
ennead.bio,available,68,5%,6,Mathematics,,,
ane.bio,available,68,12%,3,Mathematics,,,
licenced.bio,available,68,2%,8,"Business,Healthcare,Insurance",,,
abkhas.bio,available,68,0%,6,Geography,,,
abducent.bio,available,68,0%,8,Medicine,,,
aculeate.bio,available,68,1%,8,"Engineering,Medicine,Science",,,
sevener.bio,available,68,1%,7,Mathematics,,,
accredited.bio,available,68,9%,10,"Business,Education,Healthcare",,,
octonary.bio,available,68,1%,8,Mathematics,,,
achaean.bio,available,68,2%,7,Humanities,,,
foursome.bio,available,68,4%,8,Sports,,,
acerate.bio,available,68,1%,7,Science,,,
licensed.bio,available,68,5%,8,"Business,Healthcare,Insurance",,,
achaian.bio,available,68,2%,7,Humanities,,,
vindicated.bio,available,68,2%,10,"Humanities,Law,Politics",,,
abnaki.bio,available,68,1%,6,Geography,,,
stygian.bio,available,68,5%,7,Humanities,,,
aberdonian.bio,available,68,1%,10,Geography,,,
ablative.bio,available,68,3%,8,Science,,,
fiftieth.bio,available,68,1%,8,Mathematics,,,
septenary.bio,available,68,2%,9,Mathematics,,,
fortieth.bio,available,68,1%,8,Mathematics,,,
activating.bio,available,68,3%,10,"Healthcare,Manufacturing,Technology",,,
xxvi.bio,available,66,3%,4,Mathematics,,,
five.bio,available,66,26%,4,Mathematics,,,
clv.bio,available,66,10%,3,Mathematics,,,
latest.bio,resell,66,18%,6,Technology,27/12/2023 02:42,27/12/2026 02:42,"NameCheap, Inc."
acervate.bio,available,66,1%,8,Science,,,
xvii.bio,available,66,5%,4,Mathematics,,,
xxii.bio,available,66,6%,4,Mathematics,,,
fifty.bio,available,66,13%,5,Mathematics,,,
buzzing.bio,available,66,7%,7,"Entertainment,Media,Technology",,,
maven.bio,resell,66,30%,5,"Entertainment,Fashion,Technology",08/06/2025 15:15,08/06/2026 15:15,"Sav.com, LLC - 25"
deuce.bio,available,66,8%,5,Sports,,,
xiii.bio,available,66,9%,4,Mathematics,,,
accessary.bio,available,66,1%,9,"Business,Law,Technology",,,
acappella.bio,available,66,6%,10,Entertainment,,,
sextet.bio,available,66,2%,6,Entertainment,,,
xvi.bio,available,66,4%,3,Mathematics,,,
exonerated.bio,available,66,2%,10,"Humanities,Law,Politics",,,
thirty.bio,available,66,7%,6,Mathematics,,,
adopted.bio,available,66,4%,7,"Education,Healthcare",,,
acrobatic.bio,available,66,4%,9,"Entertainment,Sports",,,
xxv.bio,available,66,6%,3,Mathematics,,,
performing.bio,available,66,6%,10,Entertainment,,,
onec.bio,available,66,6%,5,Mathematics,,,
modish.bio,available,66,5%,6,Fashion,,,
teenager.bio,available,66,4%,8,"Education,Entertainment,Healthcare",,,
according.bio,available,66,3%,9,"Business,Education,Technology",,,
ninety.bio,available,66,11%,6,Mathematics,,,
abstinent.bio,available,66,1%,9,"Health and Fitness,Religion",,,
eighty.bio,available,66,6%,6,Mathematics,,,
tenner.bio,available,66,4%,6,Finance,,,
xii.bio,available,66,10%,3,Mathematics,,,
xviii.bio,available,66,4%,5,Mathematics,,,
adorned.bio,available,66,5%,7,"Entertainment,Fashion,Retail",,,
absolved.bio,available,64,1%,8,"Humanities,Law,Religion",,,
aflame.bio,available,64,3%,6,Entertainment,,,
adagio.bio,available,64,14%,6,Entertainment,,,
nondrinker.bio,available,64,1%,10,"Health and Fitness,Religion",,,
astringent.bio,available,64,1%,10,"Healthcare,Pharmaceuticals",,,
accordant.bio,available,64,3%,9,"Arts,Entertainment",,,
scatty.bio,available,64,1%,6,"Arts,Entertainment,Media",,,
acentric.bio,available,64,2%,8,Science,,,
exculpated.bio,available,62,1%,10,"Humanities,Law,Politics",,,
playacting.bio,available,62,1%,10,Entertainment,,,
longdozen.bio,available,62,1%,10,Mathematics,,,
nail.bio,available,62,16%,4,"Construction,Fashion,General,Retail",,,
twodozen.bio,available,62,1%,9,Mathematics,,,
chiliad.bio,available,62,2%,7,Mathematics,,,
orso.bio,expiring,62,9%,5,"Business,Media,Technology",02/09/2022 03:56,02/09/2025 03:56,Squarespace Domains II LLC
aborigine.bio,available,62,1%,9,Humanities,,,
sixteenth.bio,available,62,1%,9,Mathematics,,,
cumulative.bio,available,62,2%,10,"Banking,Finance,Insurance",,,
accusing.bio,available,62,1%,8,Law,,,
ensuant.bio,available,62,1%,7,"Healthcare,Insurance,Transportation",,,
adoptive.bio,available,62,1%,8,"Education,Healthcare",,,
acidic.bio,available,62,5%,6,"Food and Beverage,Science",,,
troika.bio,available,62,8%,6,Politics,,,
admissible.bio,available,62,1%,10,"Education,Healthcare,Law",,,
roughly.bio,available,62,3%,7,"Business,Media,Technology",,,
pungent.bio,available,62,1%,7,Food and Beverage,,,
eleventh.bio,available,62,5%,8,Mathematics,,,
eighteenth.bio,available,62,1%,10,Mathematics,,,
fortyfour.bio,available,62,6%,10,Mathematics,,,
accrued.bio,available,62,2%,7,"Banking,Finance,Insurance",,,
aufait.bio,available,62,3%,7,"Fashion,Media",,,
activistic.bio,available,62,1%,10,"Humanities,Politics",,,
adjuvant.bio,available,62,5%,8,"Healthcare,Manufacturing,Technology",,,
clxxx.bio,available,60,1%,5,Mathematics,,,
sixty.bio,available,60,13%,5,Mathematics,,,
clx.bio,available,60,8%,3,Mathematics,,,
cxlv.bio,available,60,2%,4,Mathematics,,,
cxxv.bio,available,60,1%,4,Mathematics,,,
adnexal.bio,available,60,1%,7,"Agriculture,Manufacturing,Retail",,,
annexal.bio,available,60,1%,7,"Agriculture,Manufacturing,Retail",,,
eightysix.bio,available,60,7%,10,Mathematics,,,
cxl.bio,available,60,7%,3,Mathematics,,,
cxv.bio,available,60,4%,3,Mathematics,,,
adnate.bio,available,60,1%,6,"Agriculture,Manufacturing,Retail",,,
acceptive.bio,available,60,1%,9,"Education,Healthcare",,,
thou.bio,available,60,7%,4,Mathematics,,,
idolised.bio,available,60,1%,8,"Entertainment,Fashion,Retail",,,
cxxx.bio,available,60,3%,4,Mathematics,,,
paunchy.bio,available,60,0%,7,"Health and Fitness,Medicine",,,
clxxv.bio,available,60,1%,5,Mathematics,,,
xcl.bio,available,60,5%,3,Mathematics,,,
aboveboard.bio,available,60,5%,10,"Business,Law",,,
tertiary.bio,available,60,4%,8,Education,,,
abashed.bio,available,60,1%,7,Humanities,,,
cautionary.bio,available,60,1%,10,"Business,Education,Healthcare",,,
cxx.bio,expired,60,9%,3,Mathematics,25/06/2024 12:38,25/06/2025 12:38,Domain Science Kutatási Szolgáltató Korlátolt Felelősségű Társaság
clxx.bio,available,60,2%,4,Mathematics,,,
octet.bio,available,60,12%,5,Arts,,,
idolized.bio,available,60,3%,8,"Entertainment,Fashion,Retail",,,
abstainer.bio,available,60,0%,9,"Health and Fitness,Religion",,,
clxv.bio,available,60,1%,4,Mathematics,,,
abstemious.bio,available,60,0%,10,"Food and Beverage,Health and Fitness,Hospitality",,,
cxxxv.bio,available,60,1%,5,Mathematics,,,
tercet.bio,available,59,2%,6,"Arts,Entertainment,Media",,,
hexad.bio,available,58,5%,5,Mathematics,,,
justabout.bio,available,58,3%,10,"Business,Media,Technology",,,
heptad.bio,available,58,2%,6,Mathematics,,,
fourth.bio,available,58,13%,6,Mathematics,,,
closeto.bio,available,58,3%,8,"Business,Media,Technology",,,
addible.bio,available,58,2%,7,"Engineering,Mathematics,Science",,,
octad.bio,available,58,5%,5,Mathematics,,,
ache.bio,available,58,7%,4,Healthcare,,,
abandoned.bio,available,58,10%,9,"Construction,Real Estate",,,
acetic.bio,available,58,1%,6,"Food and Beverage,Science",,,
abridged.bio,available,58,4%,8,Media,,,
lxxx.bio,available,58,2%,4,Mathematics,,,
offhanded.bio,available,58,1%,9,Entertainment,,,
alacarte.bio,available,58,11%,10,Food and Beverage,,,
pentad.bio,available,58,3%,6,Mathematics,,,
sextuplet.bio,available,58,1%,9,Healthcare,,,
actuarial.bio,available,58,8%,9,"Finance,Insurance,Mathematics",,,
twelfth.bio,available,58,2%,7,Mathematics,,,
sixer.bio,available,58,5%,5,Sports,,,
seventy.bio,available,58,7%,7,Mathematics,,,
aucourant.bio,available,58,3%,10,"Fashion,Media",,,
tetrad.bio,available,58,5%,6,Mathematics,,,
eighter.bio,available,58,2%,7,Mathematics,,,
niner.bio,available,58,5%,5,Mathematics,,,
linear.bio,available,58,22%,6,"Engineering,Mathematics,Science",,,
abused.bio,available,58,5%,6,"Healthcare,Law",,,
centesimal.bio,available,58,1%,10,Mathematics,,,
adhoc.bio,available,58,24%,6,"Business,Engineering,Technology",,,
lxxviii.bio,available,58,1%,7,Mathematics,,,
abuzz.bio,available,58,5%,5,"Entertainment,Media,Technology",,,
enwrapped.bio,available,58,0%,9,"Entertainment,Fashion,Media",,,
accretive.bio,available,58,6%,9,"Banking,Finance,Insurance",,,
acyclic.bio,available,58,4%,7,"Engineering,Mathematics,Science",,,
quintet.bio,available,58,8%,7,"Arts,Entertainment",,,
fifth.bio,available,58,12%,5,Mathematics,,,
fourscore.bio,available,58,4%,9,Mathematics,,,
addressed.bio,available,58,3%,9,"Business,Technology,Telecommunications",,,
accoutred.bio,available,58,1%,9,"Fashion,Manufacturing,Retail",,,
accented.bio,available,58,3%,8,"Arts,Entertainment",,,
adient.bio,available,58,4%,6,"Medicine,Science",,,
adjustive.bio,available,58,1%,9,"Manufacturing,Retail,Technology",,,
sixtyone.bio,available,58,5%,9,Mathematics,,,
xxviii.bio,available,56,1%,6,Mathematics,,,
potbellied.bio,available,56,0%,10,"Health and Fitness,Medicine",,,
lvi.bio,available,56,8%,3,Mathematics,,,
fortysix.bio,available,56,4%,9,Mathematics,,,
triad.bio,available,56,15%,5,Arts,,,
abdominous.bio,available,56,0%,10,"Health and Fitness,Medicine",,,
accoutered.bio,available,56,0%,10,"Fashion,Manufacturing,Retail",,,
fortyone.bio,available,56,5%,9,Mathematics,,,
xxxiv.bio,available,56,1%,5,Mathematics,,,
admittible.bio,available,56,1%,10,"Education,Healthcare,Hospitality",,,
xlvi.bio,available,56,3%,4,Mathematics,,,
fortytwo.bio,available,56,17%,9,Mathematics,,,
abeyant.bio,available,56,1%,7,"Business,Law",,,
admittable.bio,available,56,1%,10,"Education,Healthcare,Hospitality",,,
thirtysix.bio,available,56,5%,10,Mathematics,,,
xxix.bio,available,56,4%,4,Mathematics,,,
xxxi.bio,available,56,8%,4,Mathematics,,,
fortynine.bio,available,56,3%,10,Mathematics,,,
xlviii.bio,available,56,1%,6,Mathematics,,,
maledict.bio,available,56,1%,8,Religion,,,
fiftynine.bio,available,56,4%,10,Mathematics,,,
addled.bio,available,56,2%,6,Entertainment,,,
xxiv.bio,available,56,5%,4,Mathematics,,,
terzetto.bio,available,56,3%,8,Arts,,,
thirtyone.bio,available,56,4%,10,Mathematics,,,
xxiii.bio,available,56,4%,5,Mathematics,,,
lviii.bio,available,56,1%,5,Mathematics,,,
xlv.bio,available,56,6%,3,Mathematics,,,
xxxiii.bio,available,56,2%,6,Mathematics,,,
xxxvi.bio,available,56,1%,5,Mathematics,,,
xxxviii.bio,available,56,1%,7,Mathematics,,,
aone.bio,available,56,15%,5,Food and Beverage,,,
fiftytwo.bio,available,56,6%,9,Mathematics,,,
liii.bio,available,56,4%,4,Mathematics,,,
halfdozen.bio,available,56,1%,10,Mathematics,,,
xli.bio,available,56,5%,3,Mathematics,,,
thirtytwo.bio,available,56,4%,10,Mathematics,,,
fiftyfive.bio,available,56,8%,10,Mathematics,,,
xlvii.bio,available,56,2%,5,Mathematics,,,
xxxii.bio,available,56,1%,5,Mathematics,,,
xxvii.bio,available,56,3%,5,Mathematics,,,
fiftyfour.bio,available,56,4%,10,Mathematics,,,
xliii.bio,available,56,1%,5,Mathematics,,,
lvii.bio,available,56,2%,4,Mathematics,,,
xxxvii.bio,available,56,2%,6,Mathematics,,,
xliv.bio,available,56,3%,4,Mathematics,,,
ilx.bio,available,56,6%,3,Mathematics,,,
admissive.bio,available,56,1%,9,"Education,Healthcare,Hospitality",,,
appressed.bio,available,56,0%,9,"Agriculture,Manufacturing,Retail",,,
xlii.bio,available,56,5%,4,Mathematics,,,
xxxv.bio,available,56,4%,4,Mathematics,,,
fiftysix.bio,available,56,4%,9,Mathematics,,,
viii.bio,available,54,6%,4,Mathematics,,,
adaxial.bio,available,54,2%,7,Science,,,
accentual.bio,available,54,3%,9,"Arts,Entertainment",,,
abient.bio,available,54,1%,6,Science,,,
accursed.bio,available,54,3%,8,"Entertainment,Media,Religion",,,
sise.bio,available,54,5%,4,Mathematics,,,
fortyfive.bio,available,54,5%,10,Mathematics,,,
deuceace.bio,available,54,1%,9,Sports,,,
aboral.bio,available,54,2%,6,Science,,,
adductive.bio,available,54,0%,9,"Engineering,Mathematics,Science",,,
adpressed.bio,available,54,0%,9,"Agriculture,Manufacturing,Retail",,,
topnotch.bio,available,54,18%,8,Business,,,
quadruplet.bio,available,54,1%,10,"Healthcare,Medicine,Science",,,
abducens.bio,available,54,1%,8,Medicine,,,
abatic.bio,available,54,1%,6,Science,,,
twoscore.bio,available,54,2%,8,Mathematics,,,
quaternity.bio,available,54,4%,10,Mathematics,,,
actuated.bio,available,54,2%,8,"Automotive,Manufacturing,Technology",,,
admonitory.bio,available,54,0%,10,"Business,Education,Healthcare",,,
adjuratory.bio,available,54,0%,10,"Law,Politics,Religion",,,
achy.bio,available,54,3%,4,Healthcare,,,
abaxial.bio,available,54,1%,7,Science,,,
achromatic.bio,available,54,4%,10,Science,,,
deserted.bio,available,54,3%,8,"Hospitality,Real Estate",,,
abasic.bio,available,54,1%,6,Science,,,
ternion.bio,available,54,3%,7,Mathematics,,,
adducent.bio,available,54,1%,8,"Engineering,Mathematics,Science",,,
quatern.bio,available,54,2%,7,Mathematics,,,
acoustical.bio,available,54,4%,10,Science,,,
adducting.bio,available,54,1%,9,"Engineering,Mathematics,Science",,,
abhorrent.bio,available,54,1%,9,Humanities,,,
quaternion.bio,available,54,6%,10,Mathematics,,,
quintuplet.bio,available,54,1%,10,"Healthcare,Medicine,Science",,,
monitory.bio,available,54,3%,8,"Business,Education,Healthcare",,,
abatable.bio,available,54,1%,8,Law,,,
vii.bio,available,54,13%,3,Mathematics,,,
scratchy.bio,available,54,3%,8,Fashion,,,
fin.bio,resell,54,30%,3,Finance,12/02/2025 15:15,12/02/2026 15:15,"Xiamen ChinaSource Internet Service Co., Ltd"
threescore.bio,available,54,2%,10,Mathematics,,,
septet.bio,available,53,1%,6,General,,,
xxx.bio,expiring,53,30%,3,"Arts,Entertainment,Media",30/08/2024 17:00,30/08/2025 17:00,"Sav.com, LLC - 29"
sestet.bio,available,53,1%,6,Arts,,,
lxxii.bio,available,52,1%,5,Mathematics,,,
sixtytwo.bio,available,52,3%,9,Mathematics,,,
lxii.bio,available,52,2%,4,Mathematics,,,
xci.bio,available,52,4%,3,Mathematics,,,
lxxxiii.bio,available,52,1%,7,Mathematics,,,
lxxi.bio,available,52,2%,4,Mathematics,,,
abysmal.bio,available,52,4%,7,"Arts,Entertainment,Media",,,
uphill.bio,available,52,7%,6,"Sports,Transportation,Travel",,,
ninetysix.bio,available,52,4%,10,Mathematics,,,
eightytwo.bio,available,52,4%,10,Mathematics,,,
xciv.bio,available,52,2%,4,Mathematics,,,
lxiv.bio,available,52,3%,4,Mathematics,,,
ninetyone.bio,available,52,5%,10,Mathematics,,,
xcviii.bio,available,52,1%,6,Mathematics,,,
ixc.bio,available,52,5%,3,Mathematics,,,
lxxxv.bio,available,52,1%,5,Mathematics,,,
eightyone.bio,available,52,3%,10,Mathematics,,,
abusive.bio,available,52,3%,7,"Healthcare,Law",,,
detestable.bio,available,52,1%,10,Humanities,,,
xcvii.bio,available,52,1%,5,Mathematics,,,
lxviii.bio,available,52,2%,6,Mathematics,,,
sixtyfive.bio,available,52,3%,10,Mathematics,,,
decumbent.bio,available,52,1%,9,"Healthcare,Medicine,Science",,,
lxi.bio,available,52,5%,3,Mathematics,,,
abstruse.bio,available,52,5%,8,"Humanities,Mathematics,Science",,,
lxxv.bio,available,52,2%,4,Mathematics,,,
chagrined.bio,available,52,1%,9,Humanities,,,
sixtysix.bio,available,52,5%,9,Mathematics,,,
lxxvi.bio,available,52,1%,5,Mathematics,,,
lxxxvii.bio,available,52,1%,7,Mathematics,,,
xciii.bio,available,52,1%,5,Mathematics,,,
repugnant.bio,available,52,1%,9,Humanities,,,
lxxxi.bio,available,52,1%,5,Mathematics,,,
repulsive.bio,available,52,1%,9,Humanities,,,
aboulic.bio,available,52,1%,7,Medicine,,,
lxiii.bio,available,52,2%,5,Mathematics,,,
adenoidal.bio,available,52,1%,9,"Health and Fitness,Medicine,Science",,,
lxxxiv.bio,available,52,1%,6,Mathematics,,,
lxvii.bio,available,52,1%,5,Mathematics,,,
littlejoe.bio,available,52,2%,10,"Entertainment,Media",,,
lxxiv.bio,available,52,1%,5,Mathematics,,,
sixtyfour.bio,available,52,4%,10,Mathematics,,,
lxvi.bio,available,52,3%,4,Mathematics,,,
lxxvii.bio,available,52,2%,6,Mathematics,,,
lxxxvi.bio,available,52,1%,6,Mathematics,,,
ixl.bio,available,52,9%,3,Mathematics,,,
tierce.bio,available,52,3%,6,General,,,
odious.bio,available,52,2%,6,"Entertainment,Humanities",,,
lxxiii.bio,available,52,2%,6,Mathematics,,,
xcvi.bio,available,52,2%,4,Mathematics,,,
ninetytwo.bio,available,52,4%,10,Mathematics,,,
ablated.bio,available,52,1%,7,Science,,,
abominable.bio,available,52,2%,10,"Entertainment,Humanities",,,
lxxxii.bio,available,52,1%,6,Mathematics,,,
acetose.bio,available,50,1%,7,Science,,,
spinous.bio,available,50,1%,7,"Agriculture,Science",,,
acquitted.bio,available,50,1%,9,Law,,,
abranchial.bio,available,50,0%,10,Science,,,
gillless.bio,available,50,0%,9,Science,,,
abbatial.bio,available,50,0%,8,Religion,,,
acapnotic.bio,available,50,0%,9,"Healthcare,Medicine,Science",,,
acellular.bio,available,50,1%,9,Science,,,
triplet.bio,available,50,8%,7,Science,,,
abducting.bio,available,50,0%,9,Medicine,,,
needlelike.bio,available,50,0%,10,"Engineering,Medicine,Science",,,
trine.bio,available,50,11%,5,"General,Religion",,,
acapnic.bio,available,50,0%,7,"Healthcare,Medicine,Science",,,
broached.bio,available,50,0%,8,Food and Beverage,,,
ogdoad.bio,available,50,1%,6,Mathematics,,,
acerb.bio,available,50,2%,5,Science,,,
quint.bio,resell,50,13%,5,"Arts,Entertainment",17/07/2024 17:00,17/07/2026 17:00,Domain Science Kutatási Szolgáltató Korlátolt Felelősségű Társaság
adhominem.bio,available,50,2%,10,"Humanities,Law,Politics",,,
lxx.bio,available,50,5%,3,Mathematics,,,
acetous.bio,available,50,1%,7,Science,,,
aborticide.bio,available,50,0%,10,Medicine,,,
abdicable.bio,available,50,0%,9,Law,,,
acerbic.bio,available,50,2%,7,"Arts,Humanities,Media",,,
scummy.bio,available,50,1%,6,Humanities,,,
abomasal.bio,available,50,0%,8,Agriculture,,,
abactinal.bio,available,50,0%,9,Science,,,
vinegary.bio,available,50,1%,8,Food and Beverage,,,
cinque.bio,available,50,7%,6,Mathematics,,,
adactylous.bio,available,50,0%,10,Science,,,
acaudal.bio,available,50,1%,7,"Agriculture,Science",,,
aculeated.bio,available,50,0%,9,"Engineering,Medicine,Science",,,
acerose.bio,available,50,1%,7,Science,,,
ilxx.bio,available,48,1%,4,Mathematics,,,
notguilty.bio,available,48,5%,10,Law,,,
lxxxviii.bio,available,48,1%,8,Mathematics,,,
abyssal.bio,available,48,12%,7,"Arts,Entertainment,Media",,,
ilxxx.bio,available,48,1%,5,Mathematics,,,
abstracted.bio,available,48,5%,10,"Arts,Humanities,Science",,,
execrable.bio,available,48,0%,9,"Entertainment,Humanities",,,
stemless.bio,available,46,2%,8,"Agriculture,Science",,,
acapnial.bio,available,46,0%,8,"Healthcare,Medicine,Science",,,
acetonic.bio,available,46,1%,8,Science,,,
acetabular.bio,available,46,1%,10,Science,,,
achromic.bio,available,46,2%,8,Science,,,
acheronian.bio,available,46,1%,10,Humanities,,,
achenial.bio,available,46,1%,8,Science,,,
acanthoid.bio,available,46,1%,9,"Agriculture,Science",,,
theabsurd.bio,available,46,1%,10,"Arts,Entertainment,Media",,,
acanthous.bio,available,46,0%,9,"Agriculture,Science",,,
acetylenic.bio,available,46,1%,10,Science,,,
quaternary.bio,available,46,3%,10,Mathematics,,,
acetylic.bio,available,46,1%,8,Science,,,
acephalous.bio,available,46,1%,10,Science,,,
cotyloid.bio,available,46,1%,8,Science,,,
acicular.bio,available,46,2%,8,Science,,,
acanthotic.bio,available,46,0%,10,"Agriculture,Science",,,
achromous.bio,available,46,1%,9,Science,,,
vinegarish.bio,available,46,1%,10,Food and Beverage,,,
acaudate.bio,available,46,1%,8,"Agriculture,Science",,,
acarpous.bio,available,46,0%,8,"Agriculture,Science",,,
stripling.bio,available,46,2%,9,"Education,Entertainment,Healthcare",,,
acarpelous.bio,available,46,0%,10,"Agriculture,Science",,,
cotyloidal.bio,available,44,1%,10,Science,,,
accusatory.bio,available,44,1%,10,Law,,,
acherontic.bio,available,44,1%,10,Humanities,,,
phoebe.bio,available,41,14%,6,Science,,,
abscessed.bio,available,41,0%,9,Healthcare,,,
scurrilous.bio,available,40,1%,10,"Entertainment,Media,Politics",,,
accusive.bio,available,40,1%,8,Law,,,
accurst.bio,available,40,1%,7,Religion,,,